{"train_ce": [0.5527086904644967, 0.5059143202006817, 0.47847706988453864, 0.4549822799861431, 0.44857430055737496], "val_ce": [0.5172239661216735, 0.5052272975444794, 0.4837577313184738, 0.46021611988544464, 0.4452159643173218], "train_dice": [3.35354789853096, 3.288513194322586, 3.2494866347312925, 3.212009654045105, 3.20487585067749], "val_dice": [3.257774066925049, 3.18888578414917, 3.240722894668579, 3.2555084228515625, 3.181355690956116], "train_loss": [3.9062566030025483, 3.79442752122879, 3.7279637050628662, 3.6669919300079346, 3.65345014333725], "val_loss": [3.7749980688095093, 3.694113087654114, 3.724480628967285, 3.715724539756775, 3.6265716314315797], "train_dice_per_channel": [[0.2740194499492645, 0.7082450985908508], [0.24841341376304626, 0.6930677890777588], [0.23677034676074982, 0.6807980537414551], [0.2278069108724594, 0.6675546765327454], [0.2244679033756256, 0.6661545038223267]], "val_dice_per_channel": [[0.25630852580070496, 0.674796462059021], [0.25326529145240784, 0.641176700592041], [0.23692923784255981, 0.6790406107902527], [0.22541040182113647, 0.6937345862388611], [0.222162663936615, 0.6580913066864014]], "lr": [0.0001, 0.0001, 0.0001, 0.0001, 0.0001]}